User ID,Date
USR1660640666,2022/8/16 14:34
USR1638425715,2021/12/2 11:45
USR1638425715,2021/12/2 11:45
USR1664352833,2022/9/28 13:43
USR1666003189,2022/10/17 16:09
USR1664196795,2022/9/26 18:23
USR1615262201,2021/3/9 9:26
USR1638425715,2021/12/2 11:45
USR1661704995,2022/8/28 22:13
USR1636452249,2021/11/9 15:34
USR1632728553,2021/9/27 13:12
USR1660657974,2022/8/16 19:22
USR1656955631,2022/7/4 22:57
USR1665545502,2022/10/12 9:01
USR1665545502,2022/10/12 9:01
USR1665460403,2022/10/11 9:23
USR1665402379,2022/10/10 17:16
USR1609782270,2021/1/4 23:14
USR1647275975,2022/3/14 22:09
USR1638425715,2021/12/2 11:45
USR1665315049,2022/10/9 17:00
USR1607231800,2020/12/6 10:46
USR1665245745,2022/10/8 21:45
USR1658295193,2022/7/20 11:03
USR1661704995,2022/8/28 22:13
USR1650434732,2022/4/20 11:35
USR1637258628,2021/11/18 23:33
USR1661151372,2022/8/22 12:26
USR1658295193,2022/7/20 11:03
USR1664957565,2022/10/5 13:42
USR1658295193,2022/7/20 11:03
USR1615262201,2021/3/9 9:26
USR1658295193,2022/7/20 11:03
USR1605711321,2020/11/18 20:25
USR1657793493,2022/7/14 15:41
USR1660909344,2022/8/19 17:12
USR1653908660,2022/5/30 16:34
USR1660909344,2022/8/19 17:12
USR1655384238,2022/6/16 18:27
USR1658295193,2022/7/20 11:03
USR1605631261,2020/11/17 22:11
USR1658295193,2022/7/20 11:03
USR1657793493,2022/7/14 15:41
USR1657870762,2022/7/15 13:09
USR1658295193,2022/7/20 11:03
USR1660909344,2022/8/19 17:12
USR1615262201,2021/3/9 9:26
USR1609782270,2021/1/4 23:14
USR1658295193,2022/7/20 11:03
USR1660909344,2022/8/19 17:12
USR1638425715,2021/12/2 11:45
USR1660337948,2022/8/13 2:29
USR1660397056,2022/8/13 18:54
USR1664196795,2022/9/26 18:23
USR1660397056,2022/8/13 18:54
USR1664039432,2022/9/24 22:40
USR1657870762,2022/7/15 13:09
USR1638425715,2021/12/2 11:45
USR1657870762,2022/7/15 13:09
USR1660909344,2022/8/19 17:12
USR1663601760,2022/9/19 21:06
USR1660909344,2022/8/19 17:12
USR1657870762,2022/7/15 13:09
USR1621494124,2021/5/20 12:32
USR1663642696,2022/9/20 8:28
USR1637905680,2021/11/26 11:18
USR1663598093,2022/9/19 20:04
USR1652796315,2022/5/17 19:35
USR1659851929,2022/8/7 11:28
USR1663509523,2022/9/18 19:28
USR1663507595,2022/9/18 18:56
USR1657870762,2022/7/15 13:09
USR1660909344,2022/8/19 17:12
USR1638425715,2021/12/2 11:45
USR1638425715,2021/12/2 11:45
USR1638425715,2021/12/2 11:45
USR1663310739,2022/9/16 12:15
USR1638425715,2021/12/2 11:45
USR1638425715,2021/12/2 11:45
USR1657870762,2022/7/15 13:09
USR1660909344,2022/8/19 17:12
USR1663174256,2022/9/14 22:20
USR1661173190,2022/8/22 18:29
USR1657870762,2022/7/15 13:09
USR1638425715,2021/12/2 11:45
USR1662035439,2022/9/1 18:00
USR1657870762,2022/7/15 13:09
USR1662980372,2022/9/12 16:29
USR1638425715,2021/12/2 11:45
USR1662900045,2022/9/11 18:10
USR1638425715,2021/12/2 11:45
USR1662825127,2022/9/10 21:22
USR1662818493,2022/9/10 19:31
USR1662817294,2022/9/10 19:11
USR1660909344,2022/8/19 17:12
USR1660397056,2022/8/13 18:54
USR1661431262,2022/8/25 18:11
USR1650905308,2022/4/25 22:18
USR1638425715,2021/12/2 11:45
USR1638425715,2021/12/2 11:45
USR1656851920,2022/7/3 18:08
USR1662557289,2022/9/7 18:58
USR1638425715,2021/12/2 11:45
USR1662383790,2022/9/5 18:46
USR1662386560,2022/9/5 19:32
USR1662386258,2022/9/5 19:27
USR1662385276,2022/9/5 19:11
USR1662360295,2022/9/5 12:14
USR1662353315,2022/9/5 10:18
USR1638425715,2021/12/2 11:45
USR1638425715,2021/12/2 11:45
USR1647270911,2022/3/14 20:45
USR1638425715,2021/12/2 11:45
USR1660397056,2022/8/13 18:54
USR1660909344,2022/8/19 17:12
USR1638425715,2021/12/2 11:45
USR1654101217,2022/6/1 22:03
USR1651062790,2022/4/27 18:03
USR1661781152,2022/8/29 19:22
USR1661869468,2022/8/30 19:54
USR1661788719,2022/8/29 21:28
USR1641927505,2022/1/12 0:28
USR1638425715,2021/12/2 11:45
USR1638425715,2021/12/2 11:45
USR1638425715,2021/12/2 11:45
USR1660109898,2022/8/10 11:08
USR1661580048,2022/8/27 11:30
USR1615262201,2021/3/9 9:26
USR1615262201,2021/3/9 9:26
USR1605633945,2020/11/17 22:55
USR1661511773,2022/8/26 16:32
USR1638425715,2021/12/2 11:45
USR1638425715,2021/12/2 11:45
USR1652200233,2022/5/10 22:00
USR1661430078,2022/8/25 17:51
USR1661423153,2022/8/25 15:55
USR1661225656,2022/8/23 9:04
USR1658242492,2022/7/19 20:24
USR1638425715,2021/12/2 11:45
USR1661182779,2022/8/22 21:09
USR1659851929,2022/8/7 11:28
USR1659851929,07-08-2022 11:28
USR1632728553,2021/9/27 13:12
USR1632728553,27-09-2021 13:12
USR1618246144,2021/4/12 22:19
USR1618246144,12-04-2021 22:19
USR1647270911,2022/3/14 20:45
USR1647270911,14-03-2022 20:45
USR1644351315,2022/2/9 1:45
USR1644351315,09-02-2022 01:45
USR1646214909,2022/3/2 15:25
USR1646214909,02-03-2022 15:25
USR1660904155,2022/8/19 15:45
USR1660904155,19-08-2022 15:45
USR1654102043,2022/6/1 22:17
USR1654102043,01-06-2022 22:17
USR1651062790,2022/4/27 18:03
USR1651062790,27-04-2022 18:03
USR1641474268,2022/1/6 18:34
USR1641474268,06-01-2022 18:34
USR1660807315,2022/8/18 12:51
USR1660807315,18-08-2022 12:51
USR1660622344,2022/8/16 9:29
USR1660622344,16-08-2022 09:29
USR1660749045,2022/8/17 20:40
USR1660749045,17-08-2022 20:40
USR1632728553,2021/9/27 13:12
USR1632728553,27-09-2021 13:12
USR1654116311,2022/6/2 2:15
USR1654116311,02-06-2022 02:15
USR1660581041,2022/8/15 22:00
USR1660581041,15-08-2022 22:00
USR1647275384,2022/3/14 21:59
USR1647275384,14-03-2022 21:59
USR1660498619,2022/8/14 23:06
USR1660498619,14-08-2022 23:06
USR1660494227,2022/8/14 21:53
USR1660494227,14-08-2022 21:53
USR1632728553,2021/9/27 13:12
USR1632728553,27-09-2021 13:12
USR1654187711,2022/6/2 22:05
USR1654187711,02-06-2022 22:05
USR1660398080,2022/8/13 19:11
USR1660398080,13-08-2022 19:11
USR1660379691,2022/8/13 14:04
USR1660379691,13-08-2022 14:04
USR1660303109,2022/8/12 16:48
USR1660303109,12-08-2022 16:48
USR1660302759,2022/8/12 16:42
USR1660302759,12-08-2022 16:42
USR1657120716,2022/7/6 20:48
USR1657120716,06-07-2022 20:48
USR1627384161,2021/7/27 16:39
USR1627384161,27-07-2021 16:39
USR1650434732,2022/4/20 11:35
USR1650434732,20-04-2022 11:35
USR1660098185,2022/8/10 7:53
USR1660098185,10-08-2022 07:53
USR1641927505,2022/1/12 0:28
USR1641927505,12-01-2022 00:28
USR1659977969,2022/8/8 22:29
USR1659977969,08-08-2022 22:29
USR1659351028,2022/8/1 16:20
USR1659351028,01-08-2022 16:20
USR1659940259,2022/8/8 12:00
USR1659940259,08-08-2022 12:00
USR1659869872,2022/8/7 16:27
USR1659869872,07-08-2022 16:27
USR1641474268,2022/1/6 18:34
USR1641474268,06-01-2022 18:34
USR1659872646,2022/8/7 17:14
USR1659872646,07-08-2022 17:14
USR1659464928,2022/8/2 23:58
USR1659464928,02-08-2022 23:58
USR1647270911,2022/3/14 20:45
USR1647270911,14-03-2022 20:45
USR1637258628,2021/11/18 23:33
USR1637258628,18-11-2021 23:33
USR1657870762,2022/7/15 13:09
USR1657870762,15-07-2022 13:09
USR1654116311,2022/6/2 2:15
USR1654116311,02-06-2022 02:15
USR1657870762,2022/7/15 13:09
USR1657870762,15-07-2022 13:09
USR1656951852,2022/7/4 21:54
USR1656951852,04-07-2022 21:54
USR1638425715,2021/12/2 11:45
USR1638425715,02-12-2021 11:45
USR1659520086,2022/8/3 15:18
USR1659520086,03-08-2022 15:18
USR1659514868,2022/8/3 13:51
USR1659514868,03-08-2022 13:51
USR1659511473,2022/8/3 12:54
USR1659511473,03-08-2022 12:54
USR1659367017,2022/8/1 20:46
USR1659367017,01-08-2022 20:46
USR1614974925,2021/3/6 1:38
USR1614974925,06-03-2021 01:38
USR1642425119,2022/1/17 18:41
USR1642425119,17-01-2022 18:41
USR1605633945,2020/11/17 22:55
USR1605633945,17-11-2020 22:55
USR1608741145,2020/12/23 22:02
USR1608741145,23-12-2020 22:02
USR1641474268,2022/1/6 18:34
USR1641474268,06-01-2022 18:34
USR1654310494,2022/6/4 8:11
USR1654310494,04-06-2022 08:11
USR1642432836,2022/1/17 20:50
USR1642432836,2022/1/17 20:50
USR1642432836,2022/1/17 20:50
USR1656337712,2022/6/27 19:18
USR1651062790,2022/4/27 18:03
USR1651062790,2022/4/27 18:03
USR1641927505,2022/1/12 0:28
USR1654310494,2022/6/4 8:11
USR1642432836,2022/1/17 20:50
USR1638425715,2021/12/2 11:45
USR1605633945,2020/11/17 22:55
USR1637258628,2021/11/18 23:33
USR1638425715,2021/12/2 11:45
USR1648142221,2022/3/24 22:47
USR1638425715,2021/12/2 11:45
USR1625141229,2021/7/1 17:37
USR1650434732,2022/4/20 11:35
USR1656398821,2022/6/28 12:17
USR1656988352,2022/7/5 8:02
USR1656988352,2022/7/5 8:02
USR1656988352,2022/7/5 8:02
USR1656988352,2022/7/5 8:02
USR1642518229,2022/1/18 20:33
USR1656851920,2022/7/3 18:08
USR1638425715,2021/12/2 11:45
USR1652796315,2022/5/17 19:35
USR1657729774,2022/7/13 21:59
USR1656851920,2022/7/3 18:08
USR1657870762,2022/7/15 13:09
USR1654101634,2022/6/1 22:10
USR1656988352,2022/7/5 8:02
USR1657703909,2022/7/13 14:48
USR1605711321,2020/11/18 20:25
USR1657614384,2022/7/12 13:56
USR1605711321,2020/11/18 20:25
USR1653310453,2022/5/23 18:24
USR1641474268,2022/1/6 18:34
USR1641474268,2022/1/6 18:34
USR1654310494,2022/6/4 8:11
USR1647328091,2022/3/15 12:38
USR1641474268,2022/1/6 18:34
USR1656947357,2022/7/4 20:39
USR1609782270,2021/1/4 23:14
USR1609782270,2021/1/4 23:14
USR1656685452,2022/7/1 19:54
USR1656677218,2022/7/1 17:36
USR1647230856,2022/3/14 9:37
USR1653310453,2022/5/23 18:24
USR1656586145,2022/6/30 16:19
USR1656585006,2022/6/30 16:00
USR1650638843,2022/4/22 20:17
USR1654309258,2022/6/4 7:50
USR1650981290,2022/4/26 19:24
USR1641474268,2022/1/6 18:34
USR1654188635,2022/6/2 22:20
USR1642518229,2022/1/18 20:33
USR1632727191,2021/9/27 12:49
USR1654187711,2022/6/2 22:05
USR1647275384,2022/3/14 21:59
USR1627384161,2021/7/27 16:39
USR1644348419,2022/2/9 0:56
USR1605633945,2020/11/17 22:55
USR1642518229,2022/1/18 20:33
USR1655228976,2022/6/14 23:19
USR1654102043,2022/6/1 22:17
USR1655228976,2022/6/14 23:19
USR1654265740,2022/6/3 19:45
USR1654102346,2022/6/1 22:22
USR1650981290,2022/4/26 19:24
USR1655228976,2022/6/14 23:19
USR1642615528,2022/1/19 23:35
USR1651846802,2022/5/6 19:50
USR1652699435,2022/5/16 16:40
USR1653996586,2022/5/31 16:59
USR1653929688,2022/5/30 22:24
USR1654165152,2022/6/2 15:49
USR1648142221,2022/3/24 22:47
USR1642618401,2022/1/20 0:23
USR1650981290,2022/4/26 19:24
USR1650981290,2022/4/26 19:24
USR1632728553,2021/9/27 13:12
USR1641474268,2022/1/6 18:34
USR1652948270,2022/5/19 13:47
USR1633599973,2021/10/7 15:16
USR1647269951,2022/3/14 20:29
USR1637921462,2021/11/26 15:41
USR1632572017,2021/9/25 17:43
USR1647269951,2022/3/14 20:29
USR1642092657,2022/1/13 22:20
USR1625892075,2021/7/10 10:11
USR1651842829,2022/5/6 18:43
USR1637921462,2021/11/26 15:41
USR1641474268,2022/1/6 18:34
USR1605614195,2020/11/17 17:26
USR1647270171,2022/3/14 20:32
USR1642092657,2022/1/13 22:20
USR1651172224,2022/4/29 0:27
USR1639060058,2021/12/9 19:57
USR1651062790,2022/4/27 18:03
USR1647270171,2022/3/14 20:32
USR1650905446,2022/4/25 22:20
USR1627371213,2021/7/27 13:03
USR1649400013,2022/4/8 12:10
USR1636448509,2021/11/9 14:31
USR1645868801,2022/2/26 15:16
USR1645868801,2022/2/26 15:16
USR1650653500,2022/4/23 0:21
USR1650653500,2022/4/23 0:21
USR1647270171,2022/3/14 20:32
USR1605633945,2020/11/17 22:55
USR1650434732,2022/4/20 11:35
USR1647230856,2022/3/14 9:37
USR1642518229,2022/1/18 20:33
USR1650372902,2022/4/19 18:25
USR1650535940,2022/4/21 15:42
USR1650538399,2022/4/21 16:23
USR1650538485,2022/4/21 16:24
USR1650538485,2022/4/21 16:24
USR1650535940,2022/4/21 15:42
USR1650534413,2022/4/21 15:16
USR1650282439,2022/4/18 17:17
USR1650532657,2022/4/21 14:47
USR1650519774,2022/4/21 11:12
USR1650362674,2022/4/19 15:34
USR1650458064,2022/4/20 18:04
USR1650458064,2022/4/20 18:04
USR1650455452,2022/4/20 17:20
USR1650455708,2022/4/20 17:25
USR1650453435,2022/4/20 16:47
USR1650452804,2022/4/20 16:36
USR1650448083,2022/4/20 15:18
USR1650451581,2022/4/20 16:16
USR1650362674,2022/4/19 15:34
USR1650450416,2022/4/20 15:56
USR1650448216,2022/4/20 15:20
USR1650448033,2022/4/20 15:17
USR1650367426,2022/4/19 16:53
USR1650443247,2022/4/20 13:57
USR1650441820,2022/4/20 13:33
USR1650441998,2022/4/20 13:36
USR1650441820,2022/4/20 13:33
USR1650350073,2022/4/19 12:04
USR1650436089,2022/4/20 11:58
USR1650370047,2022/4/19 17:37
USR1650362648,2022/4/19 15:34
USR1650354687,2022/4/19 13:21
USR1650354560,2022/4/19 13:19
USR1649331754,2022/4/7 17:12
USR1633599973,2021/10/7 15:16
USR1645083572,2022/2/17 13:09
USR1645083572,2022/2/17 13:09
USR1605631888,2020/11/17 22:21
USR1638425715,2021/12/2 11:45
USR1642587832,2022/1/19 15:53
USR1646197460,2022/3/2 10:34
USR1642615528,2022/1/19 23:35
USR1647230856,2022/3/14 9:37
USR1623313390,2021/6/10 13:53
USR1648053126,2022/3/23 22:02
USR1605633945,2020/11/17 22:55
USR1623313390,2021/6/10 13:53
USR1629978486,2021/8/26 17:18
USR1642615528,2022/1/19 23:35
USR1645868801,2022/2/26 15:16
USR1642518229,2022/1/18 20:33
USR1645868801,2022/2/26 15:16
USR1646047905,2022/2/28 17:01
USR1605711321,2020/11/18 20:25
USR1646047905,2022/2/28 17:01
USR1637921462,2021/11/26 15:41
USR1643103855,2022/1/25 15:14
USR1632386375,2021/9/23 14:09
USR1608420728,2020/12/20 5:02
USR1614921720,2021/3/5 10:52
USR1647356465,2022/3/15 20:31
USR1605633945,2020/11/17 22:55
USR1646845236,2022/3/9 22:30
USR1638425715,2021/12/2 11:45
USR1641927505,2022/1/12 0:28
USR1646395898,2022/3/4 17:41
USR1646645787,2022/3/7 15:06
USR1642092657,2022/1/13 22:20
USR1642618401,2022/1/20 0:23
USR1637258628,2021/11/18 23:33
USR1605786305,2020/11/19 17:15
USR1637921462,2021/11/26 15:41
USR1638362514,2021/12/1 18:11
USR1642425119,2022/1/17 18:41
USR1642518229,2022/1/18 20:33
USR1633599973,2021/10/7 15:16
USR1638957048,2021/12/8 15:20
USR1623313390,2021/6/10 13:53
USR1645605239,2022/2/23 14:03
USR1642069761,2022/1/13 15:59
USR1605632983,2020/11/17 22:39
USR1644934372,2022/2/15 19:42
USR1622909674,2021/6/5 21:44
USR1630818267,2021/9/5 10:34
USR1644660671,2022/2/12 15:41
USR1638271615,2021/11/30 16:56
USR1644348419,2022/2/9 0:56
USR1640103528,2021/12/21 21:48
USR1605631888,2020/11/17 22:21
USR1630818267,2021/9/5 10:34
USR1638362514,2021/12/1 18:11
USR1641790331,2022/1/10 10:22
USR1639060058,2021/12/9 19:57
USR1642005018,2022/1/12 22:00
USR1627384161,2021/7/27 16:39
USR1638362514,2021/12/1 18:11
USR1638362514,2021/12/1 18:11
USR1643451331,2022/1/29 15:45
USR1643343090,2022/1/28 9:41
USR1638362514,2021/12/1 18:11
USR1643291583,2022/1/27 19:23
USR1643282311,2022/1/27 16:48
USR1643224295,2022/1/27 0:41
USR1643212701,2022/1/26 21:28
USR1639060058,2021/12/9 19:57
USR1643204880,2022/1/26 19:18
USR1642633104,2022/1/20 4:28
USR1643042019,2022/1/24 22:03
USR1643037777,2022/1/24 20:52
USR1642955826,2022/1/23 22:07
USR1642928011,2022/1/23 14:23
USR1638362514,2021/12/1 18:11
USR1642840644,2022/1/22 14:07
USR1642839488,2022/1/22 13:48
USR1642833981,2022/1/22 12:16
USR1642787428,2022/1/21 23:20
USR1642668922,2022/1/20 14:25
USR1638362514,2021/12/1 18:11
USR1605633945,2020/11/17 22:55
USR1605633945,2020/11/17 22:55
USR1642741356,2022/1/21 10:32
USR1641619661,2022/1/8 10:57
USR1642689013,2022/1/20 20:00
USR1642669273,2022/1/20 14:31
USR1642680161,2022/1/20 17:32
USR1642674333,2022/1/20 15:55
USR1642249674,2022/1/15 17:57
USR1642611693,2022/1/19 22:31
USR1642520435,2022/1/18 21:10
USR1642601697,2022/1/19 19:44
USR1642600324,2022/1/19 19:22
USR1642594079,2022/1/19 17:37
USR1638425715,2021/12/2 11:45
USR1630818267,2021/9/5 10:34
USR1637905680,2021/11/26 11:18
USR1615602688,2021/3/13 8:01
USR1642519928,2022/1/18 21:02
USR1642516764,2022/1/18 20:09
USR1642515067,2022/1/18 19:41
USR1642513418,2022/1/18 19:13
USR1642512550,2022/1/18 18:59
USR1641927505,2022/1/12 0:28
USR1642501220,2022/1/18 15:50
USR1642439869,2022/1/17 22:47
USR1642434331,2022/1/17 21:15
USR1642429892,2022/1/17 20:01
USR1642353108,2022/1/16 22:41
USR1642347279,2022/1/16 21:04
USR1642345764,2022/1/16 20:39
USR1642260689,2022/1/15 21:01
USR1642261823,2022/1/15 21:20
USR1642252538,2022/1/15 18:45
USR1642231927,2022/1/15 13:02
USR1636448509,2021/11/9 14:31
USR1642172803,2022/1/14 20:36
USR1642172140,2022/1/14 20:25
